,Marks,Attendance,StudyHours
Marks,1.0,0.029418673697853878,0.021274113526960604
Attendance,0.029418673697853878,1.0,0.03324737836383471
StudyHours,0.021274113526960604,0.03324737836383471,1.0
